Master_Index,Clinician
ID_CUAOY,summary a 24 year old female complains of sharp pain in the right side of the nose that started 2 days ago which has been gradually worsening no past medical history on assessment there is tenderness on palpation on the nasal bridge no visible signs of inflammation or infection vitals bp 129 81 mmhg pr 81 rr 20 t 36 8 spo2 94 what could be the diagnosis of this patient diagnosis nasopharyngeal sinusitis
ID_OGSAY,summary a 3 year old boy brought to the facility had inserted a bean seed on the right nostrils on exam it was deep how do i remove it i need to refer
ID_TYHSA,summary a 22 year old male with a history of weakness of the lower limbs which increased in severity over two weeks followed by loss of sensation and difficulty in breathing on assessment he was unable to move vital signs t 38°c pr 102 rr 21 breaths min spo 72 1 what could be the diagnosis 2 how will the mother handle it if it’s a serious disease
ID_CZXLD,summary a 6 year old girl with history of twitching the baby was asleep when she suddenly woke up from sleep and started tachypneic tachycardia vitals normal and mrdt done negative what could be the problem with the girl what is the diagnosis and which medication do i prescribe analgesics such as ibuprofen or antipyretics to prevent seizures and to reduce the severity of the seizures administer antihypertensives and antiemetics to manage the symptoms of seizures
ID_ZJQUQ,summary a 1 year old boy who had never received the nine month vaccination that is measles was having a rash on the face the legs and abdomen and the mother also said that the baby was really coughing on assessment the boy has red eyes red conjunctiva he had a very light runny nose and he was also feverish so i queried measles infection and i was asking myself now what kind of treatment do i give at this point or should i just refer this boy and notify the public health so that they can take a sample to go and test for the measles virus
ID_HYSCV,summary a patient is brought to the ward for excision of keloid around the neck and the ear this is his second time to undergo the same surgery what should be done to avoid recurrence what is the most important thing to do is to ensure the patient’s safety and that of his family
ID_DXHPF,summary a 14 year old female patient complains of right lower limb pain for one day she is reported to have had a fell while playing football vital signs are normal what treatment can be diagnosed what other investigations could be performed such as x ray to check for a fracture what is the most likely cause of the pain is a fall from a high height
ID_GDFDN,summary a mother came with a history of premature rupture of membranes vaginal examination was done it was seven centimeters dilated descent four parts up and cord prolapse cord was presenting was i to deliver the mother or refer for further management the patient is at risk for complications such as cesarean section
ID_UFAFI,summary 23 year old brought to the mch clinic 10 days post delivery with complain of accusing everyone of wanting to poison her baby including the husband agitation and staying awake for long sometimes she looks withdrawn the baby bwt 2900gms all other vitals were within normal range a possible diagnosis of postpartum psychosis was suspected should i admit the mother or treat as an outpatient which treatment should be given that will not affect the breastfeeding baby what is the fate of baby with the current condition of the patient will she be able to take care of him or we introduce supplementary feeds to help with feeding he may be at risk of malnutrition if he is malnourished he will need to be fed intravenously to prevent malnutrition
ID_KMBGG,summary a 4 year old boy with complains of gradual abdominal distention for 3 weeks the patient is wasted dehydrated and pale with swollen abdomen palpable mass in the abdomen no bowel sounds vitals pulse 112 blood pressure 98 50 mmhg respiration rate 20b min temperature 36 7 degrees celsius spo2 96 labs cbc uecs radiology abdominal ultrasound intestinal obstruction due to worms patient prepared for emergency laparotomy and evacuation what are the predisposing factors to worm infestation what preventive measures of worm infection what management should be instituted after surgery
ID_GCHQJ,summary a female patient with complaint of altered level of consciousness for one day by his relatives the patient was well until morning when he came to the hospital and she was found in her house not talking and not speaking she had no history of any trauma hypertension or diabetes on examination the mouth seemed to be deviated and responsive the bp at that time was 166 78 with an spo2 of 76 in room air can this patient be suffering from a cerebrovascular accident and if so what medication can i give first administer antihypertensives such as anticonvulsants and antifungals administer intravenous fluids and administer analgesics administer antipyretics and antihistamines administer anticoagulants if there is a risk of infection administer iv fluids to prevent dehydration administer oral analgesia and give oral antibiotics to manage nausea and vomiting
ID_FBVXH,summary an 8 year old male complains of easy fatigability weight loss and drenching night sweats for 2 weeks now has fevers on and off on exam pale the abdomen is palpable mass in the llq also has profound loss of appetite temp 37 2degrees celsius p 126 bpm rr 38b min wt 18kg spo2 96 ra what investigations need to be done what is the immediate management of this patient give intravenous fluids give analgesics if fever is high administer antihypertensives for pain and fever administer anticonvulsants for nausea and vomiting administer antipyretics for fever give antihistamines for analgesia and antiemetics for headache and nausea administer antibiotics for vomiting and diarrhoea if vomiting or diarrhea is present administer analgesic for diarrhea if diarrhea or vomiting is suspected perform a full hemogram to check for liver function test to rule out liver cancer or kidney failure perform an abdominal ultrasound to assess for any abnormalities
ID_GFQXW,summary a mother who delivered 10 days ago comes with complaints of painful swelling and discharge from the episiotomy scar she delivered a live male infant weighing 4 kilograms in a dispensary she had no complications and was discharged home vitals temperature 38 degrees celsius pulse 110 bpm respirations 20 breaths minute blood pressure 100 70 mmhg she has foul smell chills and fever evident discharge she is on antihypertensives for pain management and analgesics for fever and swelling what should the mother be managed what health education should be given to her how should she be done to the baby
ID_KQFSM,summary a 20 year old comes to the facility for her 6th anc visit she has no complaints then a hiv syphilis dual retest is done and she turns positive 6 months ago she was treated with a full course of antibiotics the client was sent for a vdrl at a bigger facility which turned positive again should we assume that it is the uncleared antibodies that are still in circulation then in the register should it be recorded again as a positive case or should the patient be treated again with antibiotics to prevent the infection from reoccurring and prevent further transmission of the disease to her partner
ID_OTEWX,summary a patient admitted from a peripheral facility with difficulty in breathing leg ulcers chest pains and abdominal fullness and discomfort he is an 85 year old patient who has been sick for the past three months on treatment on and off discharged today from another hospital where he was being managed for heart failure and chronic leg Ulcers admitted several times was done bladder surgery in 2010 transfused this month 6 units of platelets while at a private hospital admitted at moi teaching and referral hospital in june 2024 with same symptoms no history of chronic illness in the family used to be a herder does not smoke nor take cigarettes widower with four living children all adults this patient is clinically sick in respiratory distress weak and not able to perform any activity random blood sugar 2 2mmol l q1 what is the possible diagnosis q2 what other investigations should be done q3 what can the patient do to manage the symptoms
ID_KTTZQ,summary a 30 year old woman with a history of having per vaginal bleeding for the last one month she is on depo as a method of family planning she resides at kisor assessment on examination appears fairly stable and pale vital signs bp 120 70 pulse 76 spo2 94 weight 55 kg investigations 1 what could be the possible cause of the bleeding 2 what investigations can be done 3 what is the management the patient should be admitted to a hospital for further evaluation and management
ID_DFFBJ,summary 12 year old girl with difficulty in breathing shortness of breath productive cough green yellow in color extreme tiredness with fever and chills on observation patient is very sick complains of sharp pain when coughing and when breathing deeply and sits in an upright position vital signs blood pressure 98 65mmhg pulse rate 72 b min saturation 88 temperature 37 2 respiratory rate 30b min 1 what is the acute management of the patient 2 what are the investigations required for this patient 3 investigations to be done include blood culture to rule out other causes of respiratory distress 4 investigations for other possible causes such as pneumonia 5 investigations that may be required include chest x ray to check for pneumothorax
ID_ZQLND,summary a mother 4th day post delivery talking to herself she doesnt want to breastfeed okay to bless the feet we just take it easy the breasts were engorged temperature slightly high 37 8 how to help her come back on her senses again is how do we help this baby who is so much in need of breastmilk the baby is now with relatives and they are okay yes is she with baby when she came to this facility yes okay both of them are in the care facility the patient is in a stable condition and is able to feed her baby on a regular basis she is on oxygen and analgesics for pain and pain management the mother is also on antipyretics and antihypertensives for the pain
ID_LXBDD,summary an 8 year old boy with complaints of foreign body on the left eye mother reports that the child sustained the injury while playing he was hit by a stick by another child on his face on assessment has a visible stick embedded in the cornea no bleeding noted but child reports pain bp 100 60mmhg p 90b m spo2 97 on ra temp 36 60c 1 what is the immediate care of the patient administer analgesics if the pain is severe administer antihypertensives such as ibuprofen and paracetamol if there is no pain give intravenous fluids for pain management administer antibiotics for infection administer anticonvulsants for nausea and vomiting administer antipyretics for headache and dizziness
ID_PWETS,summary a 7 week gestation patient with complaints per vaginal bleeding at 7 weeks gestation no lower abdominal pain reported she is not pale vs bp98 70mmhg p 96b min r 18 temp 36 4 para 0 0 1 what investigations will be carried out 2 how will she be managed manage the bleeding with analgesics and antihypertensives 3 manage with antibiotics 4 monitor for signs of infection 5 manage infection with antifungal medications 6 manage infections with intravenous fluids and antibiotics
ID_VJVBS,summary a 6 year old male with a history of abdominal distention for 1 month not opened bowel for 3 days and postprandial vomiting for 2 days avpu is 36 4°c spo2 84 bp 80 40 mmhg what is the cause of obstruction immediate management give analgesics for nausea and vomiting administer antihypertensives for pain and pain management administer intravenous fluids for vomiting and nausea administer anticonvulsants such as iv fluids and antifungal medications administer oral antibiotics if necessary administer antipyretics if the patient is hypotensive
ID_OZCVT,summary a 40 year old lady presents with complain of right lower leg swelling tenderness and lower legs extremities edema extending to thighs she reports being involved in a motorcycle accident a week ago she is a telephone operator and been having varicose veins vitals temp 380 c blood pressure 130 80 mmhg pulse rate 90 b m respiration 20 bm what could be the diagnosis and differential diagnosis what laboratory and radiological investigations are needed what treatment should be provided and take home message for the client
ID_HBKUL,summary a 32 year old male presents with complains of difficulty in breathing shortness of breath productive cough and sharp pain when coughing on assessment patient is sick looking uses accessory muscles for breathing v signs bp 110 65mmhg pr 74b min spo2 88 on room air and 99 on oxygen via face mask 10l min rr 22 b min and t 37c investigations complete blood count complete hemogram blood sugar electrolytes creatinine electrolyte balance blood pressure blood culture complete liver function tests complete kidney function test complete renal function testing complete urine culture full hemoglobin level complete creatins levels complete echocardiogram chest x ray and chest radiography complete abdominal ultrasound to check for signs of infection
ID_ZVYUH,summary a 46 year old woman complains of pain on the radio ulna region she states that pain started three days ago without any cause or trauma she took some painkillers mara moja without improvements x ray done and it was normal treatment given im tramadol iv ceftriaxone but patient still complaining pain bp 128 78mmhg pulse 95 and temperature 85 bpm what could be the cause of the pain why is the patient not responding to treatment diagnosis ulnar nerve injury
ID_SHIKK,summary a 60 year old patient with complaint of generalized weakness muscle cramps palpitation and increased urination he is a known hypertensive patient and is on loop diuretics upon examination serum potassium level was 2 8 meq per litre what is the management of this patient what dietary advice should i give him and how do i monitor his potassium levels for any changes
ID_BZMKN,summary a 27 year old male is transferred in from surgical ward with tracheostomy secondary to injuries following attempted suicide patient is irritable and uncooperative while settling patient in bed he violently turn and dislodge the tube 1 what immediate care of this patient 2 what could have been done better to prevent the events
ID_GWZRC,summary a 30 year old medical student on internship pricked herself while fixing a branular the client is a known patient with immunosuppression hiv tb and on management of hepatitis a she is on treatment for diabetes and hypertension on examination the patient is very anxious the temperature 36 spo2 98 bp 90 60 pulse 110 how should needle prick be handled and what is the immediate care what investigations should be done before initiating the treatment administer antihypertensives such as anticonvulsants and antiretroviral drugs administer intravenous fluids administer anticoagulants administer antipyretics and antihistamines administer analgesics if necessary administer antibiotics if there are signs of infection
ID_BMKRM,summary a 49 year old male with a history of abdominal swelling and not passing stool for the last 3 days on examination there are no bowel sounds the distension can be felt on palpation the problem has persisted despite the patient drinking water he lives with his family vital signs bp 109 74 mmhg p 82 min spo2 96 temp 37 2°c resp 22 min s what is the immediate care which investigations should be done urea electrolytes creatinine electrolyte levels blood sugar electrolytic acid liver function tests renal function test liver functions test kidney function testing ureteroscopy to rule out kidney failure
ID_QDMBJ,summary a 40 year old female only one rod was removed but the second rod is not removed could not be located upon palpation now the  that i m asking myself was it really a rod that was inserted or an implanon the mother will need an x ray to rule out implanion the patient will also need a pelvic ultrasound to check for any signs of an implantation
ID_LWSTJ,summary a 50 year old male presents with hotness of the body and occasional chills fatigue general body aches headache shortness breath and fatigue for 4 days temperature 38 6°c pulse 101 bpm spo 80 on room air respiration 24 minute bp 150 91 mmhg s what is the patient likely to be suffering from what are the differential diagnoses how do i manage this patient administer analgesics and antihypertensives for pain and fever administer antipyretics for nausea and vomiting administer anticonvulsants for headache and joint pain administer intravenous fluids for hydration administer antihistamines and antifungal medications for fever and headache administer antibiotics for malaria and tuberculosis
ID_APFPK,summary a 6 year old boy with complains of vomiting and abdominal pain he was given baby mol syrup at home without improvement from 1 what could be this child be suffering from 2 what is the immediate management required for this patient 3 which investigation might be required to confirm the diagnosis 4 investigations to be carried out to rule out other causes of the vomiting or pain
ID_NTHZR,summary a 15 year old male presents with altered mental status for 1 hour the mother reports that they were playing at home with his sibling the younger brother tied a rope around his neck and pulled he fell down and became unresponsive until the parents came to his rescue he is very restless and confused gcs 13 15 there is cyanosis on the lips and pallor of the hands temperature 35 9°c pulse 124 bpm spo 84 on room air respiration 26 minute bp 151 94 mmhg s how do i manage the patient what are the investigations required which specialists will i need to incorporate in the care of this patient i will do a full hemogram to check for signs of hypoglycemia and electrolyte imbalance and to rule out other causes such as a stroke or anaphylaxis
ID_UAHZM,summary a 42 year old para 2 0 gravida 3 with abdominal pain and lower back pains for 3 hours prior to visiting the hospital her gestation age is 43 weeks she was diagnosed with diabetes in pregnancy and she is on oral hypoglycemics temperature 36 70c pulse 91 beats minute respiration 19 breaths minute blood pressure 156 101 mmhg what is the differential diagnosis of the patient diagnosis diabetic ketoacidosis management administer oral antihypertensives to manage the symptoms of diabetes and hypertension administer intravenous fluids to prevent dehydration administer analgesics to reduce the pain administer antipyretics such as ibuprofen and antihistamines for nausea and vomiting administer anticonvulsants for pain relief administer antiemetics if pain is severe administer iv fluids for analgesia and pain management
ID_UHJDN,summary a 1yr baby is brought for check up history of immunisation is unknown baby abandoned in her compound no bcg scar can t support head can stand or make any sounds squint eyes what immunisations do i give is it too late for physiotherapy is the baby at risk of developing cerebral palsy if the patient is not able to support her head and is unable to stand and make sounds what should i do to help the child manage the situation administer analgesics administer antihypertensives such as ibuprofen administer antipyretics and antihistamines administer anticonvulsants administer intravenous fluids administer iv fluids to prevent dehydration administer oral antibiotics if necessary administer antibiotics to treat the infection
ID_FNAFQ,summary a patient comes complaining of vomiting blood and passing bloody stool for one day on history taking the patient has been well until this morning that morning when he started vomiting he has no history of being treated for peptic ulcer disease or anything on assessment he looks pale and weak the other vitals are within normal range but on doing an hb he is 4 how can i manage this patient depending on the severity of the bleeding he might be in shock because of bleeding give intravenous fluids or blood first give the iv fluids to help prevent further bleeding if the blood pressure is low give iv fluid or give blood to stop bleeding administer iv antibiotics if bleeding is suspected give antihypertensives such as anticonvulsants and antifungal agents administer antihistamines to reduce the risk of sepsis administer anticoagulants to prevent infection administer antipyretics and antiemetics for nausea and vomiting administer analgesics for pain and pain management administer antibiotics for vomiting and diarrhoea
ID_WRMNW,summary a 22 year old male presents with a traumatically amputated right hand for the last 1 hour he was preparing feeds for animals when accidentally put his hand in the grinder the hand was completely severed off and is carried in salty water in a polythene bag the stump is still achieving bleeding temp 35 9 pr 112 b min spo2 is 96 and bp 90 51 mmhg immediate care administer analgesics and antihistamines to stop the bleeding administer antihypertensives such as ibuprofen and anticonvulsants administer intravenous fluids to prevent further infection administer anticoagulation and analgesia administer antipyretics for pain and pain management administer antibiotics for nausea and vomiting
ID_OMWIY,summary a 37 year old lady on a wheelchair brought in with complaints of lower abdominal pains and drainage of liquor at 40 weeks gestation she is a primigravida she sustained a hip injury 12 years ago following a road accident and had done hip replacement assessment bp 126 78mmhg pulse 74 temp 36 8 resp 20 ve cervix 4cm dilated fhr 140b min  what mode of delivery will be preferred delivery by cesarean section
ID_ZNYCZ,summary a hypertensive patient come with bp of 180 100 what amount of lasix should i give what is the best course of action for the patient give intravenous fluids give oral antihypertensives such as iv hydrocortisone and iv antiplatelets give iv fluids administer iv antipyretics if needed administer oral anticonvulsants like iv iv antifungal if hypotension is suspected give IV fluids if there is a history of hypertension
ID_NCNYB,summary a 47 year old man with hx of being kicked by a neighbor on the scrotal region and was not able to hold urine after the incident on observation t 37 20c p 74b m r 22 bp 140 90 mmhg spo2 90 on palpation the patient was in severe pain and urine was dribbling and had blood loss on x ray he was bleeding profusely from the area of the injury and there was no sign of a fracture or any other injury on examination he had a large amount of fluid in his urine and he also had signs of trauma to his penis
ID_WKQEY,summary a 48 year old man is brought to emergency department one hour after attempted suicide by drinking a toilet detergent he is conscious and reports pain when swallowing on assessment patient has normal vital signs and is oriented on person place and time what counseling do i give the relative and the patient
ID_VLNLB,summary a 12 year old boy is brought to the pediatrics clinic feeding too much thirst and drinking lots of water passing urine multiple time at night he is emaciated and weak rbs high t 36 2c s what is the most likely diagnosis what test would you do to confirm dx
ID_DGSSB,summary a 6 year old boy presents with a history of having inserted a bean in the ear on examination there were no signs of injury but the bean was seen in his ear so i asked myself how can i reassure the mother the child will be removed without further injuries how do i position the baby so that it can be safely removed with the help of the surgeon the patient should be positioned in a position that minimizes the risk of further injury
ID_JADVZ,summary a 65 year old male comes in with complaints of difficulty in breathing and fever past medical history indicates that he is a known hypertensive patient who has defaulted medication and is also a smoker vital signs bp 165 100mmhg pr 121b m temperature 38 9 spo2 92 what further investigations is needed to manage this client 2 what is the possible diagnosis hypertension
ID_ILPTC,summary a 24 year old female came with severe epigastric pain vomiting general weakness unable to retain food bp 100 60 mmhg pulse 80 beats min temperatures 36 3 degrees celsius rbs 2 7 mmol l s 1 what investigation should i do 2 what is the immediate management start with intravenous fluids and give analgesics 3 administer antihypertensives 4 monitor vitals and electrolytes 5 administer anticonvulsants 6 administer antipyretics 7 administer antibiotics 8 administer pain relief 9 administer fluids to reduce the pain
ID_BGRFD,summary 60 year old man with history of alopecia falling of hair what is the cause cause he s not been on radiotherapy or chemotherapy which are known to cause that how to relieve the anxiety what medications to give if there s any and if
ID_HDKYR,summary a 1 year old baby boy with growths in both nostrils since birth was using the mouth to breath and it worsened at night a diagnosis of adenoids was made how quick would he be relieved from this do i refer to the ent for possible removal in theatre
ID_QAHFT,summary a 30 year old mother presents with a hb of 5 5 after anc profile she is 34 weeks gestation weight also okay now what should i give ifas aferon or iron sucrose and also i wanted to know why the patient didn t come to an c what could be the reason what is the most important thing to do is to give iron to the mother and to ensure that the baby is getting enough oxygen and nutrients to be able to survive the first trimester of pregnancy
ID_PESEJ,summary an 80 year old man brought in a semi conscious state has been bedridden for a month following a spinal injury secondary to rta on examination the patient is dehydrated has shallow breaths bp of 83 over 48 spo2 of 68 in room air and has extensive gluteal abscess what is the medical management of this patient and what surgical intervention that should be done to address the underlying cause of the injury the most important thing to do is to give intravenous fluids and give analgesics for pain management and analgesia for nausea and vomiting administer antihypertensives such as ibuprofen and anticonvulsants administer antipyretics to manage the pain and prevent infection administer antibiotics and antihistamines to prevent infections administer anticoagulants and pain medications to reduce the risk of infection
ID_OFDGY,summary a 5 year old boy comes to the health facility with a swollen right hand around the wrist he fell while playing there is no history of underlying condition on assessment the hand is swollen and tender0 vital signs indicate temperature of 36 4 0 c pulse 97 beats per minute respiratory rate 32 bpm spo2 96 investigations what investigations are necessary what is the management give analgesics for pain and fever administer antihypertensives such as ibuprofen and analgesia administer antibiotics for fever and pain administer antipyretics to prevent infection administer intravenous fluids to reduce swelling and inflammation administer anticonvulsants to manage swelling
ID_WGNEX,summary a middle aged man with complaints of pain in the chest after having been stabbed by the wife and with the stabbing knife in situ at chest the patient is seemingly stable and even communicating and explaining what happened the diagnosis was a stab wound with no obvious bleeding so the  i asked myself what major organs could have been affected what kind of imaging would be done to show the magnitude of the damage would it be wise to remove the knife or even interfere with it to assess the extent of damage what would the best position to put patient in to place the wound in a position that would allow the bleeding to stop and allow for full blood count to be taken to check for any signs of infection or infection the most important thing to do is to give intravenous fluids and administer analgesics to help with pain and pain management
ID_SIPNK,summary a 60 year old lady who is known diabetic and has been on follow up with good adherence since 7 years ago came with complains of having noticed high sugars every time she checks with her glucometer at home since 1 week ago she has also been experiencing excessive sweating thirst weakness and excessive urination blood sugar test revealed normal vitals and other lab works were normal what could be the cause of the consistent high sugar how should i manage the case administer antihypertensives such as diuretics and anticonvulsants to control the sugars administer intravenous fluids to prevent dehydration administer oral contraceptives if the patient is hypertensive administer antipyretics for pain management administer analgesics to manage nausea and vomiting
ID_MXHUP,summary a 32 year old female presents with nausea general body weakness abdominal discomfort in the left upper quadrant history taking patient reports of pale colored stool with dark urine currently on combined oral contraceptive and breast feeding physical examination skin looks jaundiced and slight swelling of legs vital signs bp 128 76mmhg pr 82b m respiration 18 b m temperature 37 3 s what laboratory investigations are needed to confirm diagnosis what is the immediate management for this patient give antihypertensives and analgesics for the nausea and abdominal pain administer intravenous fluids for pain relief administer antihistamines and anticonvulsants for nausea administer antipyretics such as ibuprofen if nausea is severe administer antifungal medication if pain is intense administer oral contraceptives to manage nausea
ID_KBQBD,summary a 38 year old pregnant woman was admitted in maternity ward on taking history she had swollen legs and body observations were taken temperature was 36 7 degrees centigrade pulse was 78 per minute respiration was 20 and blood pressure 110 over 114 on palpation a diagnosis of pet was done should i admit this patient in the ward which tests should be done which treatment can i initiate to lower this pressure or refer to the next level for further management the patient is 36 weeks pregnant and has a history of preeclampsia
ID_AYZDZ,summary a 44 year old mother in active phase of labour on oxytocin infusion complains of shortness of breath is anxious and in distress she is a para 7 1 at 40 40 vital signs bp 98 60 mmhg pulse 112b min respirations 22 min temperature 36 8 fhr 120 bpm what could be happening with the mother diagnosis what intervention needs to be done administer iv fluids and analgesics give iv antibiotics for pain management administer antipyretics for nausea and vomiting administer antihypertensives for the pain and nausea administer anticonvulsants for analgesia administer intravenous fluids to reduce the risk of hypoglycemia if the patient is hypotensive administer oxygen to prevent hypotension administer analgesic to manage the symptoms of the baby
ID_GAWOX,summary a 1 year old female came with complaints of confusion for 2 days and had convulsions more than 10 times while at home before they were rushed to the hospital also report projectile vomiting with hotness of body has a previous history of common cold a week prior and this is the 3rd admission rr 32b min temp 38oc pulse 100 b min spo2 93 wt 10kgs on assessment the neck is soft the chest is clear and kernig’s sign is negative what is immediate care what investigations are needed to be done x ray of neck and chest to check for signs of infection blood sugar and creatinine blood culture to rule out other causes of the seizures blood pressure and electrolyte levels to assess for infection
ID_DCOHP,summary a 17 year old female presents herself in the center of cancer and chronic disease clinic and reports that she is a non positive and has been very active on otc psychosocial groups now she feels she wants to be sexually active after the final round the last three months was zero and adherence was good no missed appointment and all other parameters appear normal  one what are the risks involved in this behavior whether the partner is positive or negative  two is the patient tested for gonorrhea or other sexually transmitted diseases and if so how possible is it to bring in a partner for hts services  three the available counselling options for this teenager are counselling and sexual health education
ID_RWISH,summary a patient is brought very talkative and violet no previous history of same disease malaria test is negative what could b the problem what diagnosis is it mental health disorder
ID_CQUKB,summary a 44 year old man with complaint of pain and difficulty in breathing for one day following a stab wound on the chest with knife by a person known to him at a bar how do i manage chest trauma injury remove the knife or refer the patient to a facility for surgical intervention perform a chest x ray to check for internal bleeding and to rule out other causes of the injury administer analgesics administer antihypertensives such as ibuprofen administer intravenous fluids administer anticonvulsants administer antipyretics for pain management administer antibiotics for nausea and vomiting
ID_FFWID,summary a 19 year old girl with complaint of epigastric pain occurring typically at night and when she is hungry she also reports patting dark stool sometimes · temp 37°c resp 20b min pulse 76 bpm bp 110 70 mmhg spo 92 hb 10 2 g dl recommendations sent to level four for proper management and investigations avoid foods that bring discomfort s what causes the night pain what is causing the abnormal blood sugar and hypoglycemia what are the possible causes of the elevated blood sugars and hyperglycemic episodes
ID_XQHOA,summary a nanny with complaints of abdominal cramping and backache examination done vitals normal abdomen distended on palpation determined to be a term pregnancy with very strong contractions delivered with no complications the lady never wanted the employer to know the outcome and also did not want to see the baby q1 in such instances what should i do refer the patient to the nearest hospital for further evaluation and management
ID_PJSQE,summary a 55 year old woman with a fracture of tibia fibula of right limb fell off from the bed during the routine care injuring the affected leg patient complains of severe pain rates 9 10 and numbness of the leg vital signs blood pressure 118 78mmhg pulse rate 106b min saturation 96 temperature 36 8 s 1 what is the immediate care for the patient 2 what investigations are necessary 3 what are the risks of infection 4 what should be done to prevent infection 5 administer analgesics 6 administer antipyretics 7 administer antihypertensives 8 administer anticonvulsants 9 administer antibiotics 10 administer intravenous fluids to reduce swelling and pain 11 administer pain medication to manage pain 12 administer iv fluids for pain 13 administer oral antibiotics to control pain 14 administer corticosteroids to help with pain
ID_EFYMF,summary a 50 year old male presents with loss of consciousness for 3 hours now she is a known hypertensive and hiv ve on haart for 5 years and antihypertensives for 2 years vitals bp 190 90 mmhg pr 120 b min rr 14b minspo2 90 rbs 2 8 mmol gcs 13 15 investigations what could be causing the collapse what is the priority care what investigations are necessary the patient should be admitted to the intensive care unit to be monitored for any changes in vital signs
ID_QMQHY,summary a 24 year old female was admitted through ed to a medical ward with complaints of reduced urine output 1 52 general body swelling 1 12 and easy fatigability vitals bp 92 49 mmhg pulse 87bmp spo2 90 temp 36 0 rbs 7 9mmol l input 500mls output 230 mls investigations cbc wbc 19 7 hb 9 7g dl platelets 583 coagulation profile inr 1 22 neoplastin 16 2 sec aptt 34 4sec bs no mps seen lfts albumin 35 05 bilirubin total 4 4 urea 26 7 mml creatinine 2837 h sodium 126 7mml l potassium 8 35mm l chloride 95 7 mmol l s what is the immediate care of patient fk what other investigation is required to determine the cause of the patient’s symptoms what are the most common causes of kidney failure in patients with kidney disease
ID_QSQZO,summary a newborn is brought in with history of respiratory distress the child was born 8 hours ago to a house help and she hid the baby on the wardrobe on assessment child appears to have strangulation marks around the neck temp 36 8 pr 142b m rr 65 b m spo2 72 s what could be the effect of prolonged deprivation of oxygen to the infant what is the immediate care management of the patient administer oxygen intravenous fluids administer analgesics administer antihypertensives administer antibiotics administer antipyretics if there are signs of hypoglycemia administer anticonvulsants such as ibuprofen administer iv fluids if oxygen is not available administer oral antihistamines and antifungal medications if necessary
ID_HLPRM,summary post delivery 2 weeks the mother came in for a check she noted the episiotomy had not healed had a smelling discharge puslike and perineum region hygiene was not well maintained has chills bp a pulse of 146b min had been on oral antibiotics with no significant improvement dx of puerperal sepsis cbc was done and wbc significantly elevated started on iv antibiotics informed the doctor of interventions and asked for guidance on whether there is something he would like me to continue intervening before his arrival to review the patient q1 what i miss out on throughout the process q2 what do i need to do to prevent further complications q3 what should i do in the case of a patient with a history of septic shock q4 give intravenous antibiotics q5 administer analgesics q6 administer antihypertensives q7 administer iv fluids q8 administer antipyretics
ID_WOBZV,summary a 26 year old para 0 0 at 38 weeks gestation came to the hospital with history of dol for 5 days mild cramps foul smelling liqour with normal fetal heart rates what is the right treatment to give the baby and what would be the most appropriate mode of delivery for this patient the patient should be referred to a specialist for further assessment and management
ID_QPFCH,summary a 23 year old male brought in with sudden loss of vision on both eyes occuring 5 hours after ingestion of illicit brew went to a health center before being referred to mtrh a known alcoholic and smokes cigarette married with two children currently jobless on examination no light perception on the eyes vitals respiration 20 pulse 78 spo2 98 temperature 36 2 blood pressure 110 68 mmhg investigations what is the immediate management of alcohol substance induced optic neuropathy what are the investigative procedures to be done on this patient to rule out other causes of optic nerve damage such as alcohol poisoning
ID_CEPRG,summary a mother comes into the hospital after delivering two days ago withdrawn and not interested with the baby a diagnosis of postpartum depression is made what could be the possible cause of this illness and what are the counselling options for this child what is the best course of action for the child to be given the following the diagnosis is counselling and supportive care
ID_SKCAI,summary a 60 year old man with inability to walk difficulty in breathing coughing and history of not feeding for the last two days on examination blood pressure 130 70 mmhg pulse 92 b min respiration rate 24 bpm temperature 36 4 c s what are the investigations to be done management to the patient administer analgesics and antihypertensives administer iv fluids administer antihistamines and anticonvulsants administer antipyretics administer antifungal medications administer intravenous fluids and give oral antibiotics administer oral antiemetics to prevent infection administer antibiotics to manage the infection if there is an infection
ID_JENNS,summary a 25 year old male with complaints of abdominal pain inability to pass urine and a palpable mass in the suprapubic region the nurse delegated the duty of catheter insertion to a medical student who was around after the student had inserted the catheters the patient complained of sharp pain in his penis and requested to be removed on assessment of the urethral meatus there was blood oozing and he could not tolerate the pain s what caused this sudden bleeding what should be managed manage the bleeding with anticoagulants and analgesics manage with intravenous fluids and antihypertensives administer antibiotics to prevent further bleeding administer anticonvulsants for pain management administer antipyretics for nausea and vomiting administer antihistamines and antifungal medications to reduce the risk of infection
ID_QSPEG,summary a 1 old girl brought in with complaints of inserting a bean in the nose 2 days ago and she tried to remove it by herself without success on examination the bean inside the right nose is physically seen but deep inside and appears swollen temperature 36 4 spo2 97 and pulse 98 bpm what is immediate management care administer analgesics and antihistamines administer antihypertensives administer iv fluids administer anticonvulsants administer antipyretics administer intravenous fluids for pain management administer antibiotics if the patient is hypotensive administer oral antibiotics for nausea and vomiting administer pain medication if there is any swelling administer corticosteroids to reduce swelling and pain if swelling is present administer topical antibiotics such as ibuprofen and antifungal if bleeding is suspected administer an iv line to monitor for bleeding and monitor blood sugar and creatinine for signs of infection
ID_ZTHIV,summary a 27 year old man with chief complaints of mandibular pain and not being able to eat on examination swollen cheeks swollen gums and dental caries on the tooth vitals bp 120 80 pulse 120 respirations 20 temperature 38 4 spo2 95 s 1 what could be the cause of the high temperature 2 what is the treatment of this condition oral analgesics such as ibuprofen for pain 3 oral antibiotics 4 oral rehydration 5 oral hygiene 6 dental hygiene 7 dental whitening 8 dental cleaning
ID_HVSDS,summary a 2 month old baby brought by her mother to mch clinic for routine immunizations the baby was born at home and has never received any immunization mother reports baby breastfeeds well on examination baby is alert breathing well breathing on room air with rr of 35 b min current weight 5 8 kg s how should the nurse proceed with the patient what are the health messages appropriate for the mother what is the best way to manage the child’s health and ensure that she is well hydrated and well nourished administer oral analgesics administer antihypertensives administer intravenous fluids administer antipyretics to prevent infection administer antiretroviral therapy administer iv fluids if needed administer antibiotics if required administer analgesia administer prophylactic antibiotics to reduce the risk of infection if there is an infection
ID_BFBYN,summary a 7 year old boy came to the facility with cystic fibrosis and is admitted in the ward for respiratory exacerbation on assessment persistent and increased respiratory rate temp 36 40c spo2 89 s how do i educate the family on how to cope with his emotional impact of his illness what is the management of the condition
ID_EISIY,summary an 18 year old girl with a history of having noticed the girl had been having low moods and reduced appetite for 2 months on assessment she appeared kempt behavior makes poor eye contact mood and affect mood low flat and restricted bp 100 70mmhg p 80b m sp02 96 on ra temp 36 8°c how can the patient be managed 2 x0001 refer to a specialist for further evaluation and management 1 x000 which specialty can be referred to 2x0001 which specialist can refer a patient to
ID_GCTMK,summary a 39 year old male with complaints of cracked lips and the surrounding skin has been eroded the lips become very painful especially when feeding he has no underlying infection vital signs bp 117 71 mmhg p 86 min temp 37 2 resp 16 min spo2 98 pain is recurrent for the last 3 months investigations investigations can be done how can the patient be treated apply vaseline with mild relief on examination apply topical analgesics such as ibuprofen to relieve the pain administer topical antibiotics to prevent further spread of the infection administer oral analgesic to reduce the swelling and pain apply antihistamines for pain management administer antihypertensives like paracetamol to help with the inflammation administer antibiotics if there is an infection
ID_NIVMV,summary a 35 year old mother in active labour suddenly develops difficulty in breathing coughing and restlessness vitals bp 90 40 mmhg pr 100b min spo2 70 on oxygen what could have caused these symptoms what is the immediate management what are the possible investigations the patient should be admitted to a local hospital for further evaluation and management administer iv fluids and analgesics for pain and fever administer antihypertensives such as oxytocin and anticonvulsants administer antipyretics if the baby is still alive administer analgesia and antihistamines administer intravenous fluids to reduce the risk of infection administer antibiotics if necessary administer antifungal medications if needed administer oral contraceptives if pregnancy is suspected administer prophylactic antibiotics for nausea and vomiting
ID_WZHQK,summary a 23 year old is done routine breast examination and a breast lump is palpated on the right breast she is a para 1 0g2 at 34 weeks gestation fhr normal no other complains raised observations normal which investigation should i send her to do to confirm the diagnosis could it be a normal cysts or a cancerous mass what effect does it have onthe baby
ID_ZHSMO,summary a 4day old baby with history of irritability on assessment the child had jaundice sunken eyes and dry skin the mother is 16 years old she states does not have enough milk to breastfeed the baby vital signs t 38 5c p 132 spo2 94 s what could be the cause of this neonate what are the health messages that can be shared with the patient on care of the infant on discharge what is the immediate management of baby on admission give intravenous fluids give oral analgesics administer antihypertensives such as paracetamol and ibuprofen for pain and fever administer antibiotics for infection administer antiretroviral therapy for malaria and malaria
ID_RKTZL,summary a mother with complaints of hotness of the body for the last two days and refusal to breastfeed on examination he is sick looking dehydrated with a weak cry and no tears observed abdomen sunken vital signs temperature 39 6 pulse 168 what can i do to reduce fever what lab test can be done what support can we offer the mother
ID_PGEOO,summary a 60 yr old male with diabetic wound on examination wound seems septic bood sugar level 21mmol l how do i manage the wound how to i reduce blood sugar manage wound wound with antibiotics and analgesics administer intravenous fluids administer antihypertensives administer anticonvulsants administer antibiotics if the patient is hypotensive administer antipyretics if hypotension is present administer analgesia and antifungal medications if hypoglycemia is suspected administer iv fluids and antihistamines for pain management administer oral antibiotics for wound infection administer sterile dressing apply topical anticoagulants to prevent infection if infection occurs administer topical antibiotics such as iv antibiotics to reduce the infection and prevent further infection
ID_VTRFF,summary a 25 year old male presented with a complaint of severe burning sensation during urinating and purulent urethral discharge he reports having unprotected sexual intercourse with multiple partners over the past month on physical examination it reveals redness and tenderness around the urectal opening urologic swab confirmed this as gonorrhea how do i manage this patient and what health education should i give him? 1. Start by the word summary. 2. Mention the age of the patient if it exists with numerical value. 3. If it does not exist with numeric value give oral contraceptives 4. Do a pelvic ultrasound to check for any signs of infection 5. Perform a urinalysis to rule out other causes of urinary tract infection
ID_CWEIL,summary an 8 month old child was brought unable to breastfeed and had bulging fontanelles sudden onset of symptoms one day ago assessment temperature 38 0 c pulse 120bpm spo2 98 and child is irritable s what infection is likely to present with the above symptoms what is the most likely cause of these symptoms and how do you treat the patient for this infection administer antibiotics if the fever is high administer analgesics for pain and pain management administer antihistamines for nausea and vomiting administer antipyretics to reduce the swelling of the mouth and throat administer intravenous fluids to prevent dehydration administer antimalarial medications for fever and cough administer oral antibiotics for infection
ID_WLSXB,summary an 18 year old girl is brought in with difficulty in breathing restlessness and swollen face allergic to red meat ate beef 30mins ago resp distress puffy face which would the best drug for this allergic rxn could she benefit from supplemental oxygen administer iv fluids administer antihistamines and antihypertensives administer antipyretics administer anticonvulsants and antifungals administer intravenous fluids to prevent dehydration administer analgesics to manage the symptoms of the allergic reaction
ID_VOVAB,summary a 42 year old male presents with complaints of body swelling not passing urine not feeding well and dib on assessment he has massive abdominal pains deep jaundice and generalized body weakness vitals bp 130 80mmhg p 95bt min temp 35 8 rr 26br min spo2 85 rbs 4 9mmol investigations what is the acute management for the patient what investigation should be done long term management
ID_XTMGG,summary a 1 year old child was brought not able to hold his neck and the lower limbs were weak so when i asked the mother if she has noticed anything abnormal about the child she said she is a business lady and most of the time he keeps sleeping so she didn t know anything about this child so my  was is it because of over sleeping that he is weak or is this a result of being lame due to lack of sleep or it s because he has an underlying medical condition such as a congenital heart defect or a neurological disorder that is causing the weakness in the neck or lower limb
ID_ZHZRH,summary a 10 year old boy with complaints of fever fatigue muscle weakness and difficulty in walking mother reports of high fever for the last 3 days and weakness in the right leg no history of trauma or any injury past medical history the child was fully immunized against immunizable diseases on assessment fever 38 6 pr 100 rr 20 b m what is the immediate management of the patient give analgesics and analgesic if the fever is high administer antihypertensives such as ibuprofen and antihistamines for pain management administer antipyretics for nausea and vomiting administer intravenous fluids for hydration administer anticonvulsants and antifungal medications for fever and pain administer antibiotics for malaria if malaria is suspected give antiinflamatory medication for diarrhea and fever administer oral antiemetics to prevent infection administer iv fluids to manage fever
ID_MVXJK,summary a 56 year old male with severe headache blurred vision and weakness he is a known hypertensive who has not been compliant with medication on assessment he has weak lethargic and drowsy no focal abnormalities noted vital signs temperature 37 0 c pulse 115 beats per minute respiratory rate 28 bpm blood pressure 200 115 mmhg and spo2 97 investigations what investigations can be done what is the effective management manage the patient with antihypertensives such as ibuprofen and anticonvulsants administer antipyretics if the headache is severe administer analgesics for pain and nausea administer antihistamines for nausea and vomiting administer intravenous fluids for hydration administer antibiotics for infection administer antifungal medications for headache and dizziness
ID_OPCIZ,summary a 5 year old boy was rushed to the ed having ingested hydrogen peroxide accidentally 2 hours ago the mother reports that she works at a small dairy where she had gone with him on assessment alert irritable hematemesis noted temp 36 00c p 100b m bp 100 50mmhg spo2 93 on ra mouth erythematous abdomen mild epigastric tenderness s what is the immediate care of the patient what investigations can be done what speciality can the child be referred to
ID_LACGV,summary a 55 year old female presents with complains of frequent urination increased thirst and hunger and blurred vision for one week has history of weight loss over 2 months ago there is a history in the family of diabetes on assessment patient appears weak and sick looking v signs bp 125 90 mmhg pr 88 b m spo2 97 on room air rr 23 b min rbs 28 mmol l s what is the immediate care of this patient what laboratory investigations are required for the patient urinalysis to rule out urinary tract infection blood sugar and creatinine to check for signs of electrolyte imbalances blood glucose and electrolytes to assess for ketoacidosis
ID_SCOBO,summary a 30 year old woman presents with complaints of joint pain in her wrist and ankle o e the patient experienced mild tenderness on both wrists bp 124 76mmhg p 82b min t 36 1oc investigations could be done to aid in diagnosis what is the possible management give analgesics if pain is present administer antihypertensives such as ibuprofen for pain management and analgesia if the pain has subsided administer corticosteroids if there is no pain
ID_WQREZ,summary an 8 year old female is brought with severe respiratory distress this followed an accidental drowning in a swimming pool spo2 75 on room air apnoeic unresponsive and has bradycardia the patient was immediately started on oxygen therapy s 1 what is the likely diagnosis respiratory failure 2 when is appropriate time to assess a patient’s respiratory effort and circulation 3 the most important step is to give oxygen and administer oxygen intravenously 4 administer iv fluids 5 administer antihypertensives 6 administer analgesics 7 administer antipyretics 8 administer anticonvulsants
ID_KYWMF,summary a 35 year old male reports of a deep cut wound on the leg from a fall at home no medical history on assessment the wound appears open due to laceration and bleeding moderate swelling and bruising around wound vitals bp 132 72 mmhg pr 92 rr 18 t 36 7 spo2 93  what could be the immediate management administer analgesics such as ibuprofen and antihistamines to reduce the pain and swelling administer antihypertensives like paracetamol and anticonvulsants to prevent infection administer antibiotics if the patient is hypotensive administer antipyretics if there are signs of infection
ID_MURHB,summary a 17 year old girl was brought to the facility unresponsive she was preparing to sit for her kcse mathematics paper in an hours’ time when she suddenly stopped talking rolled her eyes and fell on the floor she has no history of previous illness or taking any medication vital signa temp 36 8 centigrade pulse 82 bpm rr 18b m spo2 94 what is the differential diagnosis what caused the unresponsiveness in this patient what are the management of the patient administer analgesics and antihypertensives administer antipyretics administer antihistamines and anticonvulsants administer antifungals administer intravenous fluids administer iv fluids and administer oral antiemetics administer prophylactic antibiotics such as iv antiplatelet and iv anticoagulants to prevent further deterioration of vital signs and to manage the symptoms of hypoglycemia
ID_MLUOW,summary a 5 month old infant with complains of being lethargic and apneic the infant was previously healthy the mother left the child and other siblings in the care of their step father on assessment the baby is tachycardic with cool extremities vitals pulse 180 b m bp 90 50 mmhg temp 35 8 spo2 90 on room air respirations are irregular fluid resuscitation commenced immediately anterior fontanel is tense and no bruises identified s what is the possible diagnosis what else needs to be done to resuscitate the patient which diagnostic studies are indicated are other subspecialty consultation required
ID_AYCAI,summary a 6 year old child presents with complaints of a painful right eye and swelling on the same eye on examination the eye appeared injected and very teary pulse 128 temperature 38 4 respirations 24 referred to eye clinic for management investigations which could be done x ray to check for infection urea creatinine blood culture to rule out other causes of the swelling and teariness blood sugar levels to monitor for signs of infection
ID_CLEYN,summary a 49 year old lady presented with palpitations severe headache confusion anxiety and chest pains for one week so the patient had been diagnosed with hypertension 10 years ago but doesn t attend any hypertension clinic and is not on any medications whenever she feels sick she just gets her medication over the counter there is also a history of hypertension in the family upon checking the bps she had a reading of 196 over 124 mmhg and a pulse rate of 126 beats per minute so we made a diagnosis of hypertensive urgency should i administer nifedipine and hctz to lower the blood pressure or refer to a cardiologist for further management the management of this patient should be as follows: monitor the vitals for any changes and if there are signs of an increase in heart rate and pulse do a full hemogram to check for changes in hemoglobin and creatinine do an electrocardiogram of the heart to rule out other causes of heart failure
ID_BRIIW,summary a 35 year old man comes with complaint of having been trying to conceive with his partner for over a year without success he has a history of past testicular injury and smoking on assessment there are no obvious physical symptoms but he reports reduced libido and occasional erectile dysfunction how do i manage this patient and what tests and investigations should be included in the management of the patient include a full hemogram to check for signs of infertility perform a pelvic ultrasound to rule out ectopic pregnancy complete blood count and urinalysis to assess for any abnormalities perform an urethral ultrasound and urea electrolyte profile to test for pregnancy
ID_SNZBL,summary a 48 year old was brought with complaints of dizziness loss of voice and anterior neck swelling temperature 35 60c pulse 56 beats minute respiration 14 breaths minute blood pressure 70 50mmhg spo2 91 at room air what is the emergency management that needs to be done administer iv fluids administer analgesics administer antihypertensives administer anticonvulsants administer antipyretics for nausea and vomiting administer intravenous fluids for pain management administer antibiotics for fever and nausea administer oral antihistamines and antiemetics for headache and fever administer oxygen to prevent hypoglycemia
ID_KXLGG,summary a 58 year old patient with fever and chills on examination there is generalized lymphadenopathy and a diagnosis of non hodgkin lymphoma was made how do i break this news to the patient and relative and two what is the management of this diagnosis and how should i manage it